ngram,f,a,m,sd
title :,42,19,2.210526315789474,1.2388002416778756
in the,120,19,6.315789473684211,2.7539948319897114
", and",334,19,17.57894736842105,7.761685855084538
. this,131,19,6.894736842105263,3.7119258278958855
as a,116,19,6.105263157894737,2.9180876369745503
not only,97,19,5.105263157894737,3.654769585106783
but also,98,19,5.157894736842105,4.170865843401884
", the",100,19,5.2631578947368425,3.9315472414701262
such as,130,19,6.842105263157895,4.568348289500575
